Workbook

Sheet 0-请先看
A1: 山东资方多资产 · 虚拟电厂摸底表（约5分钟）
A3: 怎么填
A4: 先填「1-公司概况」，再填「2-资源清单」：一行一场站。充电 / 储能 / 光伏 / 其他可调负荷分列填千瓦，没有填 0。独立储能站、纯光伏站、工厂可调负荷都要单独一行，不要只报充电站。 先填打算试点的城市即可。
A5: 电费户号
A6: 电费户号=每月交电费、发票上的户号，不是桩号或储能柜编号。合在物业总表上选「合表」。
A7: 不用填
A8: 不用填电网节点、220 千伏、可调折算。地址和户号给我们后，由我们内部核对。
A9: 用途
A10: 山东按同一 220kV 出清节点组单元。负荷类实践口径单次调节 ≥1MW 且持续 ≥1h。发电类（光伏）、储能类、负荷类（充电/可调）可能要拆成不同单元，同一户号类型混在一起会打架。
A12: 填完后请把本文件发回对接人。谢谢。

Sheet 1-公司概况
A1: 1 公司概况（约1分钟）
A2: 黄色格子请填写或下拉。资源规模请分项写，不要只写充电。
A3: 序号 | B3: 问题 | C3: 请填写 | D3: 说明
A4: 1 | B4: 公司名称 | D4: 营业执照名称即可
A5: 2 | B5: 联系人 / 电话 | D5: 商务 + 运维一人即可
A6: 3 | B6: 山东各类资源大约多少 | D6: 例：充电 8MW / 储能 2MW·4MWh / 光伏 0.5MWp / 可调负荷 1MW
A7: 4 | B7: 主要在哪几个城市 | D7: 例：济南、青岛。先写站多的
A8: 5 | B8: 现在电费跟哪家售电公司签 | D8: 没有就填「没有」
A9: 6 | B9: 有没有签过虚拟电厂 / 需求响应 | D9: 含国网山东电动等
A10: 7 | B10: 哪些资产能远程调控 | D10: 充电限功率 / 储能 EMS / 光伏限发 / 负荷可控
A12: 填完请到「2-资源清单」

Sheet 2-资源清单
A1: 2 资源清单（一行一场站，充电/储能/光伏/可调分列）
A2: 第3行表头，第4行示例，从第5行填。没有的资产列填 0。独立储能、光伏、工厂可调都要单独一行。
A3: 场站名称 | B3: 城市 | C3: 区县+地址 | D3: 资源类型 | E3: 充电kW | F3: 储能功率kW | G3: 储能kWh | H3: 光伏kWp | I3: 其他可调kW | J3: 可持续h | K3: 电费户号 | L3: 独立户号? | M3: 能调控?
A4: 示例：高新光储充站 | B4: 济南 | C4: 历下区xx路xx号 | D4: 光储充 | E4: 1200 | F4: 200 | G4: 400 | H4: 100 | I4: 0 | J4: 2 | K4: 03xxxxxxxxxx | L4: 独立 | M4: 能
A20: 同一地址不同户号请分行。光伏一般进发电类单元，不计入负荷调节；储能可单独成单元。

Sheet 3-内部评估
A1: 3 内部评估（客户不用填 · 自动汇总）
A2: 负荷侧粗可调 = 充电×50% + 储能功率×90% + 其他可调×70%。光伏不计入负荷调节（发电类单元另组）。同 220kV 节点须售电同事用户号另核。
A3: 指标 | B3: 数值 | C3: 打分(1-5) | D3: 口径
A4: 填报场站数（不含示例） | B4: =COUNTA('2-资源清单'!A5:A19) | C4: =IF(B4>=8,5,IF(B4>=5,4,IF(B4>=3,3,IF(B4>=1,2,1)))) | D4: 清单有效行数
A5: 充电额定合计 kW | B5: =SUM('2-资源清单'!E5:E19) | C5: =IF(B5>=10000,5,IF(B5>=5000,4,IF(B5>=2000,3,IF(B5>=800,2,1)))) | D5: 负荷类规模
A6: 储能功率合计 kW | B6: =SUM('2-资源清单'!F5:F19) | C6: =IF(B6>=2000,5,IF(B6>=500,4,IF(B6>=100,3,IF(B6>0,2,1)))) | D6: 储能类单元可单列
A7: 储能容量合计 kWh | B7: =SUM('2-资源清单'!G5:G19) | C7: =IF(B7>=4000,5,IF(B7>=1000,4,IF(B7>=200,3,IF(B7>0,2,1)))) | D7: 支撑持续 ≥1h
A8: 光伏装机合计 kWp | B8: =SUM('2-资源清单'!H5:H19) | C8: =IF(B8>=1000,5,IF(B8>=200,4,IF(B8>0,3,3))) | D8: 发电类另组单元；0 不扣分
A9: 其他可调合计 kW | B9: =SUM('2-资源清单'!I5:I19) | C9: =IF(B9>=2000,5,IF(B9>=500,4,IF(B9>=100,3,IF(B9>0,2,1)))) | D9: 空调/产线等负荷
A10: 粗可调 kW（负荷+储能） | B10: =B5*0.5+B6*0.9+B9*0.7 | C10: =IF(B10>=5000,5,IF(B10>=2000,4,IF(B10>=1000,3,IF(B10>=500,2,1)))) | D10: 同节点另核；试点门槛实践 ≥1MW
A11: 可持续≥1h 站数 | B11: =COUNTIF('2-资源清单'!J5:J19,"1")+COUNTIF('2-资源清单'!J5:J19,"2")+COUNTIF('2-资源清单'!J5:J19,"4") | C11: =IF(B4=0,1,IF(B11/B4>=0.8,5,IF(B11/B4>=0.5,3,2))) | D11: 政策常见持续 ≥1h
A12: 独立户号站数 | B12: =COUNTIF('2-资源清单'!L5:L19,"独立") | C12: =IF(B4=0,1,IF(B12/B4>=0.8,5,IF(B12/B4>=0.5,3,2))) | D12: 合表站结算难
A13: 能调控站数 | B13: =COUNTIF('2-资源清单'!M5:M19,"能")+COUNTIF('2-资源清单'!M5:M19,"部分能") | C13: =IF(B4=0,1,IF(B13/B4>=0.8,5,IF(B13/B4>=0.5,3,2))) | D13: 含充电限功率 / 储能 EMS / 负荷可控
A15: 公司侧（来自概况）
A16: 售电/VPP 绑定 | B16: ='1-公司概况'!C9 | C16: =IF(OR(B16="没有",B16=""),5,IF(B16="有（快到期）",4,IF(B16="不确定",3,1))) | D16: 没有=5；已签未到期=1
A17: 远程调控（公司口径） | B17: ='1-公司概况'!C10 | C17: =IF(OR(B17="都能",B17="仅储能"),5,IF(OR(B17="仅充电",B17="部分能"),3,IF(B17="不确定",2,1))) | D17: 与资源清单交叉验证
A18: 主要城市 | B18: ='1-公司概况'!C7 | D18: 密度高的市优先做节点归并
A20: 综合分（简单平均） | B20: =AVERAGE(C4,C5,C6,C7,C8,C9,C10,C11,C12,C13,C16,C17) | C20: =IF(B20>=4,"建议试点",IF(B20>=3,"可培育",IF(B20>=2,"信息不足/暂缓","暂缓"))) | D20: ≥4 试点；3 培育。光伏进发电类，不拿来凑负荷 1MW。
A21: 路径建议（自动） | B21: =IF(B10>=1000,"负荷+储能粗可调已够 1MW 实践门槛，下一步按 220kV 拆单元。","负荷+储能粗可调还差 "&TEXT(MAX(0,1000-B10),"0")&" kW。")&IF(B8>0," 光伏 "&TEXT(B8,"0")&" kWp 按发电类另组，勿与充电混同一户号。","")&IF(B16="有（未到期）"," ⚠ 已绑其他 VPP，合同期内勿重复聚合。","")
A22: 下一步（内部）
A23: 1）户号发山东售电：核 220kV 节点、是否独立户、是否已绑其他 VPP。 2）按节点分堆：负荷（充电+可调）与储能可同堆估算；光伏尽量单列发电类单元，勿与负荷混户。 3）有效可调 ≥1000kW 的堆做试点。节点散或合表多 → 只做售电绑定、暂缓 VPP。
