Workbook

Sheet 0-请先看
A1: 场站资源摸底收资表
A3: 这张表做什么
A4: 请把各场站的基本情况填在同一张表里。我们用来做两件事：看哪些站可以参加虚拟电厂，以及看哪些站值得进一步评估是否配置储能。您不必填写电价和投资回报，现在也不必上传用电曲线。
A5: 请填哪几页
A6: 请填写「1-公司概况」和「2-资源清单」。其余工作表由我们内部使用，不用填、也不用发给其他人。
A7: 「2-资源清单」怎么填
A8: 一行只写一个场站，不要把全市设备加总写在一行。没有的设备在对应格子填 0。充电站、工厂、园区都用这一页；没有充电桩也可以填，把充电相关格子填 0 即可。表头下一行是填法说明，可对照填写。
A9: 蓝色列填写什么
A10: 请按场站填写充电桩、储能、光伏、厂区其他可调负荷的容量，以及电费户号、是否单独立户、这一站能不能远程调控。换电仓、柴油发电机、充电桩型也在蓝列：问的是能不能远程调度，不是有没有这些设备。
A11: 绿色列填写什么
A12: 请填写变压器容量、每天用电或充电量、场地能不能放置储能柜、以及现在如何购电。纯充电站把「白天压不下去的负荷」填 0。绿色列不问设备能不能调控。
A13: 您不用填写的内容
A14: 不用填电网节点编号、峰谷电价、投资回收期。地址和户号填写后，由我们内部核对。如果后续需要用电曲线，我们会再向需要评估储能的场站单独索取。

Sheet 1-公司概况
A1: 1 公司概况（约2分钟）
A2: 黄色格子填写或下拉。充电网络、产业园、工厂都可以填。没有充电桩也请写明（清单里对应格子填 0）。资源规模请按充电、储能、光伏、厂区分开写，不要只写一个总数。
A3: 序号 | B3: 问题 | C3: 请填写 | D3: 说明
A4: 1 | B4: 公司名称 | D4: 营业执照名称即可
A5: 2 | B5: 联系人 / 电话 | D5: 商务 + 运维一人即可
A6: 3 | B6: 资产类型 | D6: 充电网络 / 厂区或园区 / 两者都有
A7: 4 | B7: 各类资源大约多少 | D7: 例：充电 8MW / 储能 2MW·4MWh / 光伏 0.5MWp / 厂区可调 1MW
A8: 5 | B8: 主要在哪几个省、市 | D8: 例：辽宁沈阳、广东深圳。深圳必须单独标
A9: 6 | B9: 现在电费跟哪家售电公司签 | D9: 没有就填「没有」
A10: 7 | B10: 有没有签过虚拟电厂 / 需求响应 | D10: 含国网综能、南网电动、深电能、绿色国网
A11: 8 | B11: 公司整体是否具备远程调控能力 | D11: 这里只填公司整体情况。每一站能控多少千瓦，请到「2-资源清单」分站填写。
A12: 9 | B12: 深圳站能否配合安装加密网关 | D12: 没有深圳站选「不适用」
A13: 10 | B13: 是否已在「绿色国网」申报过 | D13: 仅辽宁需求响应用；不是辽宁选「不适用」
A14: 11 | B14: 自有平台能否导出功率曲线 | D14: 现在不用上传。如需曲线我们会再联系。

Sheet 2-资源清单
A1: 2 资源清单（一行只写一个场站） 蓝色列：装了什么、户号、能不能调度 绿色列：变压器、电量、场地、如何购电
A2: ① 蓝色列：请填写本站装了什么、电费户号、能不能远程调度。没有的设备填 0。 | W2: ② 绿色列：请填写变压器、每天用电或充电量、场地能不能放储能柜、如何购电。不问能不能调控。纯充电站把「白天压不下去的负荷」填 0。 | AD2: 共用
A3: 场站名称 | B3: 省 | C3: 市 | D3: 区县+地址 | E3: 资源类型 | F3: 充电kW | G3: 储能功率kW | H3: 储能kWh | I3: 光伏kWp | J3: 厂区其他可调（千瓦） | K3: 一次可调控时长（小时） | L3: 电费户号 | M3: 独立户号? | N3: 能调控? | O3: 用电性质 | P3: 加密网关? | Q3: 充电桩型 | R3: 充电桩可远程限功率（千瓦） | S3: V2G可调kW | T3: 换电仓功率能否远程下调 | U3: 柴发 | V3: 光伏可限发kW | W3: 白天压不下去的负荷（千瓦） | X3: 变压器额定kVA | Y3: 变压器还能再接（千伏安） | Z3: 电费合同需量（千瓦） | AA3: 日均用电或充电量kWh | AB3: 场地能否放储能柜 | AC3: 购电方式 | AD3: 备注
A4: 请勿填写本行，下面从示例之后开始填 | B4: 与电费单一致 | C4: 深圳必须单独写市 | D4: 能找到这个站即可 | E4: 下拉。无桩厂区选「厂区负荷」或「可调负荷」 | F4: 本站充电桩额定合计。没有桩填 0 | G4: 已装储能的功率。没有填 0 | H4: 已装储能的容量。没有填 0 | I4: 没有填 0 | J4: 空调、产线等，不要把充电桩算进来。没有填 0 | K4: 一次降负荷大概能维持多久，不是电池能用几年 | L4: 电费发票上的营销户号，不是充电 App 桩号 | M4: 是否单独和电网结算。和物业合用一块表选「合表」 | N4: 这一站能不能远程调节。公司整体情况请填第 1 页 | O4: 充电站选「充电设施」，不要选「非工业」。工厂选「工业」，商场选「商业」 | P4: 仅深圳站填已装或未装，其他城市选「不适用」 | Q4: 无桩选「不适用」 | R4: 能远程把功率降下来的桩有多少千瓦。不能控填 0 | S4: 车辆能向电网放电的功率。没有填 0 | T4: 问功率能不能远程往下调。没有换电站选「不适用」 | U4: 问能不能调度。没有柴油发电机选「无」 | V4: 能远程限制发出功率的千瓦。不能调填 0 | W4: 白天一直在用、减不掉的电。纯充电站填 0。不是「能调多少」 | X4: 变压器铭牌容量 | Y4: 变压器还能再接多少设备。不清楚可空着 | Z4: 电费合同里约定的需量。没有这项填 0 | AA4: 近月日均。充电站填充电量，厂区填用电量 | AB4: 柜子大约一个集装箱大小。放不下选「否」 | AC4: 还在电网买电选「电网代理购电」；已找售电公司或直接入市选另一项 | AD4: 选填
A5: 示例：浑南充电站 | B5: 辽宁 | C5: 沈阳 | D5: 浑南区xx路 | E5: 纯充电 | F5: 1200 | G5: 0 | H5: 0 | I5: 0 | J5: 0 | K5: 2 | L5: 21xxxxxxxxxx | M5: 独立 | N5: 能 | O5: 充电设施 | P5: 不适用 | Q5: 分体式 | R5: 600 | S5: 0 | T5: 不适用 | U5: 无 | V5: 0 | W5: 0 | X5: 4000 | Y5: 200 | Z5: 0 | AA5: 4000 | AB5: 是 | AC5: 电网代理购电 | AD5: 这是示例，正式填写请删除本行。充电站：白天负荷填 0，用电性质选充电设施。
A6: 示例：宝安物流园配电 | B6: 广东 | C6: 深圳 | D6: 宝安区xx园 | E6: 厂区+充电 | F6: 480 | G6: 0 | H6: 0 | I6: 0 | J6: 120 | K6: 1 | L6: 03xxxxxxxxxx | M6: 独立 | N6: 需改造 | O6: 工业 | P6: 未装 | Q6: 一体式 | R6: 0 | S6: 0 | T6: 不适用 | U6: 无 | V6: 0 | W6: 350 | X6: 1000 | Y6: 150 | Z6: 800 | AA6: 12000 | AB6: 是 | AC6: 电网代理购电 | AD6: 这是示例，正式填写请删除本行。厂区带充电：绿色列填变压器和白天负荷，不问桩能不能调。
A7: 示例：铁西机械厂配电 | B7: 辽宁 | C7: 沈阳 | D7: 铁西区xx路 | E7: 可调负荷 | F7: 0 | G7: 0 | H7: 0 | I7: 0 | J7: 80 | K7: 1 | L7: 21xxxxxxxxxx | M7: 独立 | N7: 能 | O7: 工业 | P7: 不适用 | Q7: 不适用 | R7: 0 | S7: 0 | T7: 不适用 | U7: 无 | V7: 0 | W7: 380 | X7: 800 | Y7: 120 | Z7: 600 | AA7: 9000 | AB7: 是 | AC7: 电网代理购电 | AD7: 这是示例，正式填写请删除本行。无桩厂区：充电填 0、桩型选不适用，绿色列仍填变压器和日电量。

Sheet 3-内部评估
A1: 3 内部评估（客户不用填 · VPP 自动汇总；配储红绿灯在测算工具①）
A2: 粗可调 = 充电×50% + 储能功率×90% + 其他可调×70%。光伏不计入负荷调节。辽宁 DR 聚合商 ≥5MW；广东全省 DR 同地市 ≥5MW；深圳精准响应无明文 MW。配储高价值站请把本文件导入测算工具页签①。
A3: 指标 | B3: 数值 | C3: 评分 | D3: 说明
A4: 填报场站数（不含示例） | B4: =COUNTA('2-资源清单'!A8:A200) | C4: =IF(B4>=8,5,IF(B4>=5,4,IF(B4>=3,3,IF(B4>=1,2,1)))) | D4: 清单有效行
A5: 其中沈阳站数 | B5: =COUNTIF('2-资源清单'!C8:C200,"沈阳") | C5: =IF(B4=0,1,IF(B5/B4>=0.5,5,IF(B5>=3,4,IF(B5>=1,3,2)))) | D5: 辽宁示范密度
A6: 其中深圳站数 | B6: =COUNTIF('2-资源清单'!C8:C200,"深圳") | C6: =IF(B4=0,1,IF(B6/B4>=0.5,5,IF(B6>=3,4,IF(B6>=1,3,2)))) | D6: 深圳精准响应
A7: 充电额定合计 kW | B7: =SUM('2-资源清单'!F8:F200) | C7: =IF(B7>=10000,5,IF(B7>=5000,4,IF(B7>=2000,3,IF(B7>=800,2,1)))) | D7: 负荷类
A8: 储能功率合计 kW | B8: =SUM('2-资源清单'!G8:G200) | C8: =IF(B8>=2000,5,IF(B8>=500,4,IF(B8>=100,3,IF(B8>0,2,1)))) | D8: 储能类可单列
A9: 光伏装机合计 kWp | B9: =SUM('2-资源清单'!I8:I200) | C9: =IF(B9>=1000,5,IF(B9>=200,4,IF(B9>0,3,3))) | D9: 发电类另组；0 不扣分
A10: 其他可调合计 kW | B10: =SUM('2-资源清单'!J8:J200) | C10: =IF(B10>=2000,5,IF(B10>=500,4,IF(B10>=100,3,IF(B10>0,2,1)))) | D10: 厂区/空调/产线
A11: 粗可调 kW（负荷+储能） | B11: =B7*0.5+B8*0.9+B10*0.7 | C11: =IF(B11>=5000,5,IF(B11>=2000,4,IF(B11>=1000,3,IF(B11>=500,2,1)))) | D11: DR ≥5MW；现货单元实践 ≥1MW
A12: 独立户号站数 | B12: =COUNTIF('2-资源清单'!M8:M200,"独立") | C12: =IF(B4=0,1,IF(B12/B4>=0.8,5,IF(B12/B4>=0.5,3,2))) | D12: 辽宁名录硬门槛
A13: 能调控站数 | B13: =COUNTIF('2-资源清单'!N8:N200,"能")+COUNTIF('2-资源清单'!N8:N200,"部分能")+COUNTIF('2-资源清单'!N8:N200,"需改造") | C13: =IF(B4=0,1,IF(B13/B4>=0.8,5,IF(B13/B4>=0.5,3,2))) | D13: 含需改造；只服务 VPP
A14: 已装加密网关站数 | B14: =COUNTIF('2-资源清单'!P8:P200,"已装") | C14: =IF(B6=0,3,IF(B14>=B6,5,IF(B14>0,3,2))) | D14: 仅深圳计
A15: 售电/VPP 绑定 | B15: ='1-公司概况'!C10 | C15: =IF(OR(B15="没有",B15=""),5,IF(B15="有（快到期）",4,IF(B15="不确定",3,1))) | D15: 未到期=1
A16: 综合均分 | B16: =AVERAGE(C4:C15) | C16: =IF(B16>=4,"建议 VPP/DR 试点",IF(B16>=3,"可培育",IF(B16>=2,"信息不足/暂缓","暂缓"))) | D16: 配储绿/黄/红请导入测算工具①，不要用本页代替。

Sheet 4-字段说明
A1: 区块 | B1: 字段 | C1: 谁用 | D1: 怎么填
A2: 蓝 | B2: 资源类型 | C2: 双方 | D2: 纯充电、充电+储能、光储充、独立储能、分布式光伏、换电、可调负荷、厂区负荷、厂区+充电。无桩厂区选后两项。
A3: 蓝 | B3: 充电kW 到厂区其他可调 | C3: 虚拟电厂 | D3: 按本站铭牌合计，没有填 0。不要把全市加总写在一行。无桩时充电填 0。厂区其他可调不要把充电桩算进去。
A4: 蓝 | B4: 一次可调控时长（小时） | C4: 虚拟电厂 | D4: 一次降负荷大概能维持多久，不是电池能用几年。常见不少于 1 小时。
A5: 蓝 | B5: 独立户号? | C5: 双方 | D5: 是否单独和电网结算。和物业合表时，虚拟电厂名录和储能需量账户都较难独立处理。
A6: 蓝 | B6: 能调控? / 充电桩可远程限功率 / V2G | C6: 仅虚拟电厂 | D6: 储能投资不看这些列。能调控指这一站能不能远程调节；具体千瓦填在充电桩可远程限功率或厂区其他可调。
A7: 蓝 | B7: 用电性质 | C7: 双方 | D7: 充电站选「充电设施」，不要选「非工业」。工厂选「工业」，商场选「商业」。
A8: 蓝 | B8: 加密网关? | C8: 深圳虚拟电厂 | D8: 深圳站填已装或未装；其他城市选「不适用」。
A9: 蓝 | B9: 充电桩型 | C9: 虚拟电厂 / 落地控制 | D9: 无桩选「不适用」。绿色列不问桩型。
A10: 蓝 | B10: 换电仓功率能否远程下调 | C10: 仅虚拟电厂 | D10: 问的是仓位充电功率能不能远程往下调。没有换电站选「不适用」。
A11: 蓝 | B11: 柴发 | C11: 仅虚拟电厂 | D11: 问能不能调度，不是有没有柴油机本身。绿色列不问。
A12: 蓝 | B12: 光伏可限发kW | C12: 仅虚拟电厂 | D12: 能远程限制发出功率的千瓦。不能调填 0。
... A16: — | B16: 不用填 | C16: — | D16: 电网节点编号、峰谷电价、投资回收期。城市用于匹配电价，户号用于内部核对。
